<?xml version="1.0" encoding="UTF-8"?>
<!-- IMPORTANT: This is an internal file that has been generated
     by the Xilinx ISE software.  Any direct editing or
     changes made to this file may result in unpredictable
     behavior or data corruption.  It is strongly advised that
     users do not edit the contents of this file. -->
<DeviceUsageSummary rev="2">
<DesignStatistics TimeStamp="Tue Oct 15 13:45:40 2024"><group name="NetStatistics">
<item name="NumNets_Active" rev="2">
<attrib name="value" value="1011"/></item>
<item name="NumNets_Gnd" rev="2">
<attrib name="value" value="1"/></item>
<item name="NumNets_Vcc" rev="2">
<attrib name="value" value="1"/></item>
<item name="NumNodesOfType_Active_BRAMADDR" rev="2">
<attrib name="value" value="132"/></item>
<item name="NumNodesOfType_Active_BRAMDUMMY" rev="2">
<attrib name="value" value="149"/></item>
<item name="NumNodesOfType_Active_CLKPIN" rev="2">
<attrib name="value" value="430"/></item>
<item name="NumNodesOfType_Active_CNTRLPIN" rev="2">
<attrib name="value" value="298"/></item>
<item name="NumNodesOfType_Active_DOUBLE" rev="2">
<attrib name="value" value="1688"/></item>
<item name="NumNodesOfType_Active_DUMMY" rev="2">
<attrib name="value" value="1549"/></item>
<item name="NumNodesOfType_Active_DUMMYBANK" rev="2">
<attrib name="value" value="108"/></item>
<item name="NumNodesOfType_Active_DUMMYESC" rev="2">
<attrib name="value" value="1"/></item>
<item name="NumNodesOfType_Active_GLOBAL" rev="2">
<attrib name="value" value="84"/></item>
<item name="NumNodesOfType_Active_HFULLHEX" rev="2">
<attrib name="value" value="16"/></item>
<item name="NumNodesOfType_Active_HLONG" rev="2">
<attrib name="value" value="1"/></item>
<item name="NumNodesOfType_Active_HUNIHEX" rev="2">
<attrib name="value" value="38"/></item>
<item name="NumNodesOfType_Active_INPUT" rev="2">
<attrib name="value" value="2453"/></item>
<item name="NumNodesOfType_Active_IOBOUTPUT" rev="2">
<attrib name="value" value="1"/></item>
<item name="NumNodesOfType_Active_OMUX" rev="2">
<attrib name="value" value="1176"/></item>
<item name="NumNodesOfType_Active_OUTPUT" rev="2">
<attrib name="value" value="985"/></item>
<item name="NumNodesOfType_Active_PREBXBY" rev="2">
<attrib name="value" value="878"/></item>
<item name="NumNodesOfType_Active_VFULLHEX" rev="2">
<attrib name="value" value="94"/></item>
<item name="NumNodesOfType_Active_VLONG" rev="2">
<attrib name="value" value="25"/></item>
<item name="NumNodesOfType_Active_VUNIHEX" rev="2">
<attrib name="value" value="145"/></item>
<item name="NumNodesOfType_Vcc_BRAMADDR" rev="2">
<attrib name="value" value="1"/></item>
<item name="NumNodesOfType_Vcc_BRAMDUMMY" rev="2">
<attrib name="value" value="8"/></item>
<item name="NumNodesOfType_Vcc_CNTRLPIN" rev="2">
<attrib name="value" value="52"/></item>
<item name="NumNodesOfType_Vcc_DUMMY" rev="2">
<attrib name="value" value="337"/></item>
<item name="NumNodesOfType_Vcc_INPUT" rev="2">
<attrib name="value" value="363"/></item>
<item name="NumNodesOfType_Vcc_PREBXBY" rev="2">
<attrib name="value" value="17"/></item>
<item name="NumNodesOfType_Vcc_VCCOUT" rev="2">
<attrib name="value" value="62"/></item>
</group>
<group name="SiteStatistics">
<item name="IBUF-DIFFSI" rev="2">
<attrib name="value" value="1"/></item>
<item name="SLICEL-SLICEM" rev="2">
<attrib name="value" value="186"/></item>
</group>
<group name="MiscellaneousStatistics">
<item name="AGG_BONDED_IO" rev="1">
<attrib name="value" value="1"/></item>
<item name="AGG_IO" rev="1">
<attrib name="value" value="1"/></item>
<item name="AGG_SLICE" rev="1">
<attrib name="value" value="541"/></item>
<item name="NUM_4_INPUT_LUT" rev="1">
<attrib name="value" value="600"/></item>
<item name="NUM_BONDED_IBUF" rev="1">
<attrib name="value" value="1"/></item>
<item name="NUM_BSCAN" rev="1">
<attrib name="value" value="1"/></item>
<item name="NUM_BUFGMUX" rev="1">
<attrib name="value" value="2"/></item>
<item name="NUM_CARRY_SKIP" rev="1">
<attrib name="value" value="3"/></item>
<item name="NUM_CYMUX" rev="1">
<attrib name="value" value="113"/></item>
<item name="NUM_LUT_RT" rev="1">
<attrib name="value" value="90"/></item>
<item name="NUM_RAM16" rev="1">
<attrib name="value" value="4"/></item>
<item name="NUM_RAMB16" rev="1">
<attrib name="value" value="7"/></item>
<item name="NUM_RPM" rev="1">
<attrib name="value" value="12"/></item>
<item name="NUM_SHIFT" rev="1">
<attrib name="value" value="153"/></item>
<item name="NUM_SLICEL" rev="1">
<attrib name="value" value="456"/></item>
<item name="NUM_SLICEM" rev="1">
<attrib name="value" value="85"/></item>
<item name="NUM_SLICE_FF" rev="1">
<attrib name="value" value="635"/></item>
<item name="NUM_SLICE_LATCH" rev="1">
<attrib name="value" value="1"/></item>
<item name="NUM_XOR" rev="1">
<attrib name="value" value="94"/></item>
<item name="Xilinx Core blk_mem_gen_v6_2, Xilinx CORE Generator 13.4" rev="1">
<attrib name="value" value="1"/></item>
<item name="Xilinx Core blk_mem_gen_v6_3, Xilinx CORE Generator 13.4" rev="1">
<attrib name="value" value="1"/></item>
<item name="Xilinx Core chipscope_icon_v1_05_a, Xilinx CORE Generator 13.4" rev="1">
<attrib name="value" value="1"/></item>
<item name="Xilinx Core chipscope_ila_v1_04_a, Xilinx CORE Generator 13.4" rev="1">
<attrib name="value" value="1"/></item>
<item name="Xilinx Core chipscope_vio_v1_04_a, Xilinx CORE Generator 13.4" rev="1">
<attrib name="value" value="1"/></item>
</group>
</DesignStatistics>
<DeviceUsage TimeStamp="Tue Oct 15 13:45:40 2024"><group name="SiteSummary">
<item name="BSCAN" rev="2">
<attrib name="total" value="1000000"/><attrib name="used" value="1"/></item>
<item name="BSCAN_BSCAN_BLACKBOX" rev="2">
<attrib name="total" value="1000000"/><attrib name="used" value="1"/></item>
<item name="BUFGMUX" rev="2">
<attrib name="total" value="1000000"/><attrib name="used" value="2"/></item>
<item name="BUFGMUX_GCLKMUX" rev="2">
<attrib name="total" value="1000000"/><attrib name="used" value="2"/></item>
<item name="BUFGMUX_GCLK_BUFFER" rev="2">
<attrib name="total" value="1000000"/><attrib name="used" value="2"/></item>
<item name="IBUF" rev="2">
<attrib name="total" value="1000000"/><attrib name="used" value="1"/></item>
<item name="IBUF_INBUF" rev="2">
<attrib name="total" value="1000000"/><attrib name="used" value="1"/></item>
<item name="IBUF_PAD" rev="2">
<attrib name="total" value="1000000"/><attrib name="used" value="1"/></item>
<item name="RAMB16" rev="2">
<attrib name="total" value="1000000"/><attrib name="used" value="7"/></item>
<item name="RAMB16_RAMB16" rev="2">
<attrib name="total" value="1000000"/><attrib name="used" value="7"/></item>
<item name="RAMB16_RAMB16A" rev="2">
<attrib name="total" value="1000000"/><attrib name="used" value="7"/></item>
<item name="RAMB16_RAMB16B" rev="2">
<attrib name="total" value="1000000"/><attrib name="used" value="7"/></item>
<item name="SLICEL" rev="2">
<attrib name="total" value="1000000"/><attrib name="used" value="456"/></item>
<item name="SLICEL_C1VDD" rev="2">
<attrib name="total" value="1000000"/><attrib name="used" value="1"/></item>
<item name="SLICEL_CYMUXF" rev="2">
<attrib name="total" value="1000000"/><attrib name="used" value="53"/></item>
<item name="SLICEL_CYMUXG" rev="2">
<attrib name="total" value="1000000"/><attrib name="used" value="46"/></item>
<item name="SLICEL_F" rev="2">
<attrib name="total" value="1000000"/><attrib name="used" value="212"/></item>
<item name="SLICEL_F5MUX" rev="2">
<attrib name="total" value="1000000"/><attrib name="used" value="27"/></item>
<item name="SLICEL_F6MUX" rev="2">
<attrib name="total" value="1000000"/><attrib name="used" value="6"/></item>
<item name="SLICEL_FFX" rev="2">
<attrib name="total" value="1000000"/><attrib name="used" value="230"/></item>
<item name="SLICEL_FFY" rev="2">
<attrib name="total" value="1000000"/><attrib name="used" value="301"/></item>
<item name="SLICEL_G" rev="2">
<attrib name="total" value="1000000"/><attrib name="used" value="226"/></item>
<item name="SLICEL_GNDF" rev="2">
<attrib name="total" value="1000000"/><attrib name="used" value="33"/></item>
<item name="SLICEL_GNDG" rev="2">
<attrib name="total" value="1000000"/><attrib name="used" value="27"/></item>
<item name="SLICEL_XORF" rev="2">
<attrib name="total" value="1000000"/><attrib name="used" value="46"/></item>
<item name="SLICEL_XORG" rev="2">
<attrib name="total" value="1000000"/><attrib name="used" value="44"/></item>
<item name="SLICEM" rev="2">
<attrib name="total" value="1000000"/><attrib name="used" value="85"/></item>
<item name="SLICEM_CYMUXF" rev="2">
<attrib name="total" value="1000000"/><attrib name="used" value="7"/></item>
<item name="SLICEM_CYMUXG" rev="2">
<attrib name="total" value="1000000"/><attrib name="used" value="7"/></item>
<item name="SLICEM_F" rev="2">
<attrib name="total" value="1000000"/><attrib name="used" value="81"/></item>
<item name="SLICEM_F5MUX" rev="2">
<attrib name="total" value="1000000"/><attrib name="used" value="17"/></item>
<item name="SLICEM_F6MUX" rev="2">
<attrib name="total" value="1000000"/><attrib name="used" value="6"/></item>
<item name="SLICEM_FFX" rev="2">
<attrib name="total" value="1000000"/><attrib name="used" value="54"/></item>
<item name="SLICEM_FFY" rev="2">
<attrib name="total" value="1000000"/><attrib name="used" value="51"/></item>
<item name="SLICEM_FMC15_BLACKBOX" rev="2">
<attrib name="total" value="1000000"/><attrib name="used" value="22"/></item>
<item name="SLICEM_G" rev="2">
<attrib name="total" value="1000000"/><attrib name="used" value="81"/></item>
<item name="SLICEM_GMC15_BLACKBOX" rev="2">
<attrib name="total" value="1000000"/><attrib name="used" value="27"/></item>
<item name="SLICEM_GNDF" rev="2">
<attrib name="total" value="1000000"/><attrib name="used" value="7"/></item>
<item name="SLICEM_GNDG" rev="2">
<attrib name="total" value="1000000"/><attrib name="used" value="4"/></item>
<item name="SLICEM_VDDG" rev="2">
<attrib name="total" value="1000000"/><attrib name="used" value="3"/></item>
<item name="SLICEM_WSGEN" rev="2">
<attrib name="total" value="1000000"/><attrib name="used" value="80"/></item>
<item name="SLICEM_XORF" rev="2">
<attrib name="total" value="1000000"/><attrib name="used" value="4"/></item>
<item name="SLICEM_YBUSED" rev="2">
<attrib name="total" value="1000000"/><attrib name="used" value="3"/></item>
</group>
</DeviceUsage>
<ReportConfigData TimeStamp="Tue Oct 15 13:45:40 2024"><group name="SLICEL_CYMUXF">
<item name="0" rev="2">
<attrib name="0" value="53"/><attrib name="0_INV" value="0"/></item>
<item name="1" rev="2">
<attrib name="1_INV" value="0"/><attrib name="1" value="53"/></item>
</group>
<group name="SLICEL_CYMUXG">
<item name="0" rev="2">
<attrib name="0" value="46"/><attrib name="0_INV" value="0"/></item>
</group>
<group name="IBUF_PAD">
<item name="IOATTRBOX" rev="2">
<attrib name="LVCMOS25" value="1"/></item>
</group>
<group name="SLICEM_F">
<item name="DI" rev="2">
<attrib name="DI" value="77"/><attrib name="DI_INV" value="0"/></item>
<item name="F_ATTR" rev="2">
<attrib name="SHIFT_REG" value="75"/></item>
<item name="LUT_OR_MEM" rev="2">
<attrib name="LUT" value="4"/><attrib name="RAM" value="77"/></item>
</group>
<group name="SLICEM_G">
<item name="DI" rev="2">
<attrib name="DI" value="80"/><attrib name="DI_INV" value="0"/></item>
<item name="G_ATTR" rev="2">
<attrib name="SHIFT_REG" value="78"/></item>
<item name="LUT_OR_MEM" rev="2">
<attrib name="LUT" value="1"/><attrib name="RAM" value="80"/></item>
</group>
<group name="SLICEM_F6MUX">
<item name="S0" rev="2">
<attrib name="S0" value="6"/><attrib name="S0_INV" value="0"/></item>
</group>
<group name="SLICEL">
<item name="BX" rev="2">
<attrib name="BX_INV" value="0"/><attrib name="BX" value="185"/></item>
<item name="BY" rev="2">
<attrib name="BY" value="225"/><attrib name="BY_INV" value="1"/></item>
<item name="CE" rev="2">
<attrib name="CE" value="124"/><attrib name="CE_INV" value="0"/></item>
<item name="CIN" rev="2">
<attrib name="CIN_INV" value="0"/><attrib name="CIN" value="45"/></item>
<item name="CLK" rev="2">
<attrib name="CLK" value="332"/><attrib name="CLK_INV" value="1"/></item>
<item name="SR" rev="2">
<attrib name="SR" value="114"/><attrib name="SR_INV" value="23"/></item>
</group>
<group name="SLICEM">
<item name="BX" rev="2">
<attrib name="BX_INV" value="0"/><attrib name="BX" value="74"/></item>
<item name="BY" rev="2">
<attrib name="BY" value="76"/><attrib name="BY_INV" value="0"/></item>
<item name="CE" rev="2">
<attrib name="CE" value="3"/><attrib name="CE_INV" value="0"/></item>
<item name="CIN" rev="2">
<attrib name="CIN_INV" value="0"/><attrib name="CIN" value="7"/></item>
<item name="CLK" rev="2">
<attrib name="CLK" value="85"/><attrib name="CLK_INV" value="0"/></item>
<item name="SHIFTIN" rev="2">
<attrib name="SHIFTIN_INV" value="0"/><attrib name="SHIFTIN" value="10"/></item>
<item name="SR" rev="2">
<attrib name="SR" value="84"/><attrib name="SR_INV" value="0"/></item>
</group>
<group name="SLICEL_F6MUX">
<item name="S0" rev="2">
<attrib name="S0" value="6"/><attrib name="S0_INV" value="0"/></item>
</group>
<group name="RAMB16">
<item name="CLKA" rev="2">
<attrib name="CLKA_INV" value="0"/><attrib name="CLKA" value="7"/></item>
<item name="CLKB" rev="2">
<attrib name="CLKB_INV" value="0"/><attrib name="CLKB" value="7"/></item>
<item name="ENA" rev="2">
<attrib name="ENA_INV" value="0"/><attrib name="ENA" value="7"/></item>
<item name="ENB" rev="2">
<attrib name="ENB_INV" value="0"/><attrib name="ENB" value="7"/></item>
<item name="SSRA" rev="2">
<attrib name="SSRA_INV" value="0"/><attrib name="SSRA" value="7"/></item>
<item name="SSRB" rev="2">
<attrib name="SSRB_INV" value="0"/><attrib name="SSRB" value="7"/></item>
<item name="WEA" rev="2">
<attrib name="WEA" value="7"/><attrib name="WEA_INV" value="0"/></item>
<item name="WEB" rev="2">
<attrib name="WEB" value="7"/><attrib name="WEB_INV" value="0"/></item>
</group>
<group name="RAMB16_RAMB16A">
<item name="CLKA" rev="2">
<attrib name="CLKA_INV" value="0"/><attrib name="CLKA" value="7"/></item>
<item name="ENA" rev="2">
<attrib name="ENA_INV" value="0"/><attrib name="ENA" value="7"/></item>
<item name="PORTA_ATTR" rev="2">
<attrib name="16384X1" value="4"/><attrib name="512X36" value="1"/><attrib name="4096X4" value="2"/></item>
<item name="SSRA" rev="2">
<attrib name="SSRA_INV" value="0"/><attrib name="SSRA" value="7"/></item>
<item name="WEA" rev="2">
<attrib name="WEA" value="7"/><attrib name="WEA_INV" value="0"/></item>
<item name="WRITEMODEA" rev="2">
<attrib name="WRITE_FIRST" value="7"/></item>
</group>
<group name="RAMB16_RAMB16B">
<item name="CLKB" rev="2">
<attrib name="CLKB_INV" value="0"/><attrib name="CLKB" value="7"/></item>
<item name="ENB" rev="2">
<attrib name="ENB_INV" value="0"/><attrib name="ENB" value="7"/></item>
<item name="PORTB_ATTR" rev="2">
<attrib name="512X36" value="5"/><attrib name="4096X4" value="2"/></item>
<item name="SSRB" rev="2">
<attrib name="SSRB_INV" value="0"/><attrib name="SSRB" value="7"/></item>
<item name="WEB" rev="2">
<attrib name="WEB" value="7"/><attrib name="WEB_INV" value="0"/></item>
<item name="WRITEMODEB" rev="2">
<attrib name="WRITE_FIRST" value="7"/></item>
</group>
<group name="SLICEM_F5MUX">
<item name="S0" rev="2">
<attrib name="S0" value="17"/><attrib name="S0_INV" value="0"/></item>
</group>
<group name="SLICEL_FFX">
<item name="CE" rev="2">
<attrib name="CE" value="91"/><attrib name="CE_INV" value="0"/></item>
<item name="CK" rev="2">
<attrib name="CK" value="230"/><attrib name="CK_INV" value="0"/></item>
<item name="D" rev="2">
<attrib name="D" value="230"/><attrib name="D_INV" value="0"/></item>
<item name="FFX_INIT_ATTR" rev="2">
<attrib name="INIT0" value="180"/><attrib name="INIT1" value="50"/></item>
<item name="FFX_SR_ATTR" rev="2">
<attrib name="SRLOW" value="217"/><attrib name="SRHIGH" value="13"/></item>
<item name="LATCH_OR_FF" rev="2">
<attrib name="FF" value="230"/></item>
<item name="REV" rev="2">
<attrib name="REV_INV" value="0"/><attrib name="REV" value="4"/></item>
<item name="SR" rev="2">
<attrib name="SR" value="65"/><attrib name="SR_INV" value="20"/></item>
<item name="SYNC_ATTR" rev="2">
<attrib name="ASYNC" value="154"/><attrib name="SYNC" value="76"/></item>
</group>
<group name="SLICEL_XORF">
<item name="1" rev="2">
<attrib name="1_INV" value="0"/><attrib name="1" value="46"/></item>
</group>
<group name="SLICEL_FFY">
<item name="CE" rev="2">
<attrib name="CE" value="122"/><attrib name="CE_INV" value="0"/></item>
<item name="CK" rev="2">
<attrib name="CK" value="300"/><attrib name="CK_INV" value="1"/></item>
<item name="D" rev="2">
<attrib name="D" value="300"/><attrib name="D_INV" value="1"/></item>
<item name="FFY_INIT_ATTR" rev="2">
<attrib name="INIT0" value="218"/><attrib name="INIT1" value="83"/></item>
<item name="FFY_SR_ATTR" rev="2">
<attrib name="SRLOW" value="275"/><attrib name="SRHIGH" value="26"/></item>
<item name="LATCH_OR_FF" rev="2">
<attrib name="FF" value="300"/><attrib name="LATCH" value="1"/></item>
<item name="SR" rev="2">
<attrib name="SR" value="98"/><attrib name="SR_INV" value="23"/></item>
<item name="SYNC_ATTR" rev="2">
<attrib name="ASYNC" value="201"/><attrib name="SYNC" value="100"/></item>
</group>
<group name="BUFGMUX_GCLKMUX">
<item name="DISABLE_ATTR" rev="2">
<attrib name="LOW" value="2"/></item>
<item name="S" rev="2">
<attrib name="S_INV" value="2"/><attrib name="S" value="0"/></item>
</group>
<group name="SLICEL_F5MUX">
<item name="S0" rev="2">
<attrib name="S0" value="27"/><attrib name="S0_INV" value="0"/></item>
</group>
<group name="SLICEM_XORF">
<item name="1" rev="2">
<attrib name="1_INV" value="0"/><attrib name="1" value="4"/></item>
</group>
<group name="SLICEM_WSGEN">
<item name="CK" rev="2">
<attrib name="CK" value="80"/><attrib name="CK_INV" value="0"/></item>
<item name="SYNC_ATTR" rev="2">
<attrib name="ASYNC" value="50"/></item>
<item name="WE" rev="2">
<attrib name="WE_INV" value="0"/><attrib name="WE" value="80"/></item>
</group>
<group name="SLICEM_FFX">
<item name="CE" rev="2">
<attrib name="CE" value="3"/><attrib name="CE_INV" value="0"/></item>
<item name="CK" rev="2">
<attrib name="CK" value="54"/><attrib name="CK_INV" value="0"/></item>
<item name="D" rev="2">
<attrib name="D" value="54"/><attrib name="D_INV" value="0"/></item>
<item name="FFX_INIT_ATTR" rev="2">
<attrib name="INIT0" value="53"/><attrib name="INIT1" value="1"/></item>
<item name="FFX_SR_ATTR" rev="2">
<attrib name="SRLOW" value="53"/><attrib name="SRHIGH" value="1"/></item>
<item name="LATCH_OR_FF" rev="2">
<attrib name="FF" value="54"/></item>
<item name="SR" rev="2">
<attrib name="SR" value="4"/><attrib name="SR_INV" value="0"/></item>
<item name="SYNC_ATTR" rev="2">
<attrib name="ASYNC" value="50"/><attrib name="SYNC" value="4"/></item>
</group>
<group name="SLICEM_FFY">
<item name="CK" rev="2">
<attrib name="CK" value="51"/><attrib name="CK_INV" value="0"/></item>
<item name="D" rev="2">
<attrib name="D" value="51"/><attrib name="D_INV" value="0"/></item>
<item name="FFY_INIT_ATTR" rev="2">
<attrib name="INIT0" value="51"/></item>
<item name="FFY_SR_ATTR" rev="2">
<attrib name="SRLOW" value="51"/></item>
<item name="LATCH_OR_FF" rev="2">
<attrib name="FF" value="51"/></item>
<item name="SYNC_ATTR" rev="2">
<attrib name="ASYNC" value="50"/><attrib name="SYNC" value="1"/></item>
</group>
<group name="SLICEM_CYMUXF">
<item name="0" rev="2">
<attrib name="0" value="7"/><attrib name="0_INV" value="0"/></item>
<item name="1" rev="2">
<attrib name="1_INV" value="0"/><attrib name="1" value="7"/></item>
</group>
<group name="SLICEM_CYMUXG">
<item name="0" rev="2">
<attrib name="0" value="4"/><attrib name="0_INV" value="0"/></item>
</group>
<group name="BUFGMUX">
<item name="S" rev="2">
<attrib name="S_INV" value="2"/><attrib name="S" value="0"/></item>
</group>
</ReportConfigData>
<ReportPinData TimeStamp="Tue Oct 15 13:45:40 2024"><group name="SLICEL_CYMUXF">
<item name="0" rev="2">
<attrib name="value" value="53"/></item>
<item name="1" rev="2">
<attrib name="value" value="53"/></item>
<item name="OUT" rev="2">
<attrib name="value" value="53"/></item>
<item name="S0" rev="2">
<attrib name="value" value="53"/></item>
</group>
<group name="SLICEL_CYMUXG">
<item name="0" rev="2">
<attrib name="value" value="46"/></item>
<item name="1" rev="2">
<attrib name="value" value="46"/></item>
<item name="OUT" rev="2">
<attrib name="value" value="46"/></item>
<item name="S0" rev="2">
<attrib name="value" value="46"/></item>
</group>
<group name="SLICEM_FMC15_BLACKBOX">
<item name="MC15" rev="2">
<attrib name="value" value="22"/></item>
<item name="WS2" rev="2">
<attrib name="value" value="22"/></item>
</group>
<group name="IBUF_PAD">
<item name="PAD" rev="2">
<attrib name="value" value="1"/></item>
</group>
<group name="IBUF_INBUF">
<item name="IN" rev="2">
<attrib name="value" value="1"/></item>
<item name="OUT" rev="2">
<attrib name="value" value="1"/></item>
</group>
<group name="SLICEM_F">
<item name="A1" rev="2">
<attrib name="value" value="77"/></item>
<item name="A2" rev="2">
<attrib name="value" value="77"/></item>
<item name="A3" rev="2">
<attrib name="value" value="77"/></item>
<item name="A4" rev="2">
<attrib name="value" value="77"/></item>
<item name="D" rev="2">
<attrib name="value" value="81"/></item>
<item name="DI" rev="2">
<attrib name="value" value="77"/></item>
<item name="WF1" rev="2">
<attrib name="value" value="2"/></item>
<item name="WF2" rev="2">
<attrib name="value" value="2"/></item>
<item name="WF3" rev="2">
<attrib name="value" value="2"/></item>
<item name="WF4" rev="2">
<attrib name="value" value="2"/></item>
<item name="WS" rev="2">
<attrib name="value" value="77"/></item>
</group>
<group name="SLICEM_G">
<item name="A1" rev="2">
<attrib name="value" value="81"/></item>
<item name="A2" rev="2">
<attrib name="value" value="81"/></item>
<item name="A3" rev="2">
<attrib name="value" value="81"/></item>
<item name="A4" rev="2">
<attrib name="value" value="80"/></item>
<item name="D" rev="2">
<attrib name="value" value="78"/></item>
<item name="DI" rev="2">
<attrib name="value" value="80"/></item>
<item name="WG1" rev="2">
<attrib name="value" value="2"/></item>
<item name="WG2" rev="2">
<attrib name="value" value="2"/></item>
<item name="WG3" rev="2">
<attrib name="value" value="2"/></item>
<item name="WG4" rev="2">
<attrib name="value" value="2"/></item>
<item name="WS" rev="2">
<attrib name="value" value="80"/></item>
</group>
<group name="BUFGMUX_GCLK_BUFFER">
<item name="IN" rev="2">
<attrib name="value" value="2"/></item>
<item name="OUT" rev="2">
<attrib name="value" value="2"/></item>
</group>
<group name="SLICEM_F6MUX">
<item name="0" rev="2">
<attrib name="value" value="6"/></item>
<item name="1" rev="2">
<attrib name="value" value="6"/></item>
<item name="OUT" rev="2">
<attrib name="value" value="6"/></item>
<item name="S0" rev="2">
<attrib name="value" value="6"/></item>
</group>
<group name="SLICEL">
<item name="BX" rev="2">
<attrib name="value" value="185"/></item>
<item name="BY" rev="2">
<attrib name="value" value="226"/></item>
<item name="CE" rev="2">
<attrib name="value" value="124"/></item>
<item name="CIN" rev="2">
<attrib name="value" value="45"/></item>
<item name="CLK" rev="2">
<attrib name="value" value="333"/></item>
<item name="COUT" rev="2">
<attrib name="value" value="46"/></item>
<item name="F1" rev="2">
<attrib name="value" value="210"/></item>
<item name="F2" rev="2">
<attrib name="value" value="179"/></item>
<item name="F3" rev="2">
<attrib name="value" value="142"/></item>
<item name="F4" rev="2">
<attrib name="value" value="112"/></item>
<item name="F5" rev="2">
<attrib name="value" value="12"/></item>
<item name="FXINA" rev="2">
<attrib name="value" value="6"/></item>
<item name="FXINB" rev="2">
<attrib name="value" value="6"/></item>
<item name="G1" rev="2">
<attrib name="value" value="226"/></item>
<item name="G2" rev="2">
<attrib name="value" value="197"/></item>
<item name="G3" rev="2">
<attrib name="value" value="164"/></item>
<item name="G4" rev="2">
<attrib name="value" value="117"/></item>
<item name="SR" rev="2">
<attrib name="value" value="137"/></item>
<item name="X" rev="2">
<attrib name="value" value="108"/></item>
<item name="XB" rev="2">
<attrib name="value" value="1"/></item>
<item name="XQ" rev="2">
<attrib name="value" value="230"/></item>
<item name="Y" rev="2">
<attrib name="value" value="115"/></item>
<item name="YQ" rev="2">
<attrib name="value" value="301"/></item>
</group>
<group name="SLICEM">
<item name="BX" rev="2">
<attrib name="value" value="74"/></item>
<item name="BY" rev="2">
<attrib name="value" value="76"/></item>
<item name="CE" rev="2">
<attrib name="value" value="3"/></item>
<item name="CIN" rev="2">
<attrib name="value" value="7"/></item>
<item name="CLK" rev="2">
<attrib name="value" value="85"/></item>
<item name="COUT" rev="2">
<attrib name="value" value="7"/></item>
<item name="F1" rev="2">
<attrib name="value" value="77"/></item>
<item name="F2" rev="2">
<attrib name="value" value="77"/></item>
<item name="F3" rev="2">
<attrib name="value" value="77"/></item>
<item name="F4" rev="2">
<attrib name="value" value="77"/></item>
<item name="F5" rev="2">
<attrib name="value" value="12"/></item>
<item name="FXINA" rev="2">
<attrib name="value" value="6"/></item>
<item name="FXINB" rev="2">
<attrib name="value" value="6"/></item>
<item name="G1" rev="2">
<attrib name="value" value="81"/></item>
<item name="G2" rev="2">
<attrib name="value" value="81"/></item>
<item name="G3" rev="2">
<attrib name="value" value="81"/></item>
<item name="G4" rev="2">
<attrib name="value" value="80"/></item>
<item name="SHIFTIN" rev="2">
<attrib name="value" value="10"/></item>
<item name="SHIFTOUT" rev="2">
<attrib name="value" value="10"/></item>
<item name="SR" rev="2">
<attrib name="value" value="84"/></item>
<item name="X" rev="2">
<attrib name="value" value="8"/></item>
<item name="XB" rev="2">
<attrib name="value" value="12"/></item>
<item name="XQ" rev="2">
<attrib name="value" value="54"/></item>
<item name="Y" rev="2">
<attrib name="value" value="12"/></item>
<item name="YB" rev="2">
<attrib name="value" value="3"/></item>
<item name="YQ" rev="2">
<attrib name="value" value="51"/></item>
</group>
<group name="SLICEL_F6MUX">
<item name="0" rev="2">
<attrib name="value" value="6"/></item>
<item name="1" rev="2">
<attrib name="value" value="6"/></item>
<item name="OUT" rev="2">
<attrib name="value" value="6"/></item>
<item name="S0" rev="2">
<attrib name="value" value="6"/></item>
</group>
<group name="RAMB16">
<item name="ADDRA0" rev="2">
<attrib name="value" value="4"/></item>
<item name="ADDRA1" rev="2">
<attrib name="value" value="4"/></item>
<item name="ADDRA10" rev="2">
<attrib name="value" value="7"/></item>
<item name="ADDRA11" rev="2">
<attrib name="value" value="7"/></item>
<item name="ADDRA12" rev="2">
<attrib name="value" value="7"/></item>
<item name="ADDRA13" rev="2">
<attrib name="value" value="7"/></item>
<item name="ADDRA2" rev="2">
<attrib name="value" value="6"/></item>
<item name="ADDRA3" rev="2">
<attrib name="value" value="6"/></item>
<item name="ADDRA4" rev="2">
<attrib name="value" value="6"/></item>
<item name="ADDRA5" rev="2">
<attrib name="value" value="7"/></item>
<item name="ADDRA6" rev="2">
<attrib name="value" value="7"/></item>
<item name="ADDRA7" rev="2">
<attrib name="value" value="7"/></item>
<item name="ADDRA8" rev="2">
<attrib name="value" value="7"/></item>
<item name="ADDRA9" rev="2">
<attrib name="value" value="7"/></item>
<item name="ADDRB10" rev="2">
<attrib name="value" value="7"/></item>
<item name="ADDRB11" rev="2">
<attrib name="value" value="7"/></item>
<item name="ADDRB12" rev="2">
<attrib name="value" value="7"/></item>
<item name="ADDRB13" rev="2">
<attrib name="value" value="7"/></item>
<item name="ADDRB2" rev="2">
<attrib name="value" value="2"/></item>
<item name="ADDRB3" rev="2">
<attrib name="value" value="2"/></item>
<item name="ADDRB4" rev="2">
<attrib name="value" value="2"/></item>
<item name="ADDRB5" rev="2">
<attrib name="value" value="7"/></item>
<item name="ADDRB6" rev="2">
<attrib name="value" value="7"/></item>
<item name="ADDRB7" rev="2">
<attrib name="value" value="7"/></item>
<item name="ADDRB8" rev="2">
<attrib name="value" value="7"/></item>
<item name="ADDRB9" rev="2">
<attrib name="value" value="7"/></item>
<item name="CLKA" rev="2">
<attrib name="value" value="7"/></item>
<item name="CLKB" rev="2">
<attrib name="value" value="7"/></item>
<item name="DIA0" rev="2">
<attrib name="value" value="7"/></item>
<item name="DIA1" rev="2">
<attrib name="value" value="3"/></item>
<item name="DIA10" rev="2">
<attrib name="value" value="1"/></item>
<item name="DIA11" rev="2">
<attrib name="value" value="1"/></item>
<item name="DIA12" rev="2">
<attrib name="value" value="1"/></item>
<item name="DIA13" rev="2">
<attrib name="value" value="1"/></item>
<item name="DIA14" rev="2">
<attrib name="value" value="1"/></item>
<item name="DIA15" rev="2">
<attrib name="value" value="1"/></item>
<item name="DIA16" rev="2">
<attrib name="value" value="1"/></item>
<item name="DIA17" rev="2">
<attrib name="value" value="1"/></item>
<item name="DIA18" rev="2">
<attrib name="value" value="1"/></item>
<item name="DIA19" rev="2">
<attrib name="value" value="1"/></item>
<item name="DIA2" rev="2">
<attrib name="value" value="3"/></item>
<item name="DIA20" rev="2">
<attrib name="value" value="1"/></item>
<item name="DIA21" rev="2">
<attrib name="value" value="1"/></item>
<item name="DIA22" rev="2">
<attrib name="value" value="1"/></item>
<item name="DIA23" rev="2">
<attrib name="value" value="1"/></item>
<item name="DIA24" rev="2">
<attrib name="value" value="1"/></item>
<item name="DIA25" rev="2">
<attrib name="value" value="1"/></item>
<item name="DIA26" rev="2">
<attrib name="value" value="1"/></item>
<item name="DIA27" rev="2">
<attrib name="value" value="1"/></item>
<item name="DIA28" rev="2">
<attrib name="value" value="1"/></item>
<item name="DIA29" rev="2">
<attrib name="value" value="1"/></item>
<item name="DIA3" rev="2">
<attrib name="value" value="3"/></item>
<item name="DIA30" rev="2">
<attrib name="value" value="1"/></item>
<item name="DIA31" rev="2">
<attrib name="value" value="1"/></item>
<item name="DIA4" rev="2">
<attrib name="value" value="1"/></item>
<item name="DIA5" rev="2">
<attrib name="value" value="1"/></item>
<item name="DIA6" rev="2">
<attrib name="value" value="1"/></item>
<item name="DIA7" rev="2">
<attrib name="value" value="1"/></item>
<item name="DIA8" rev="2">
<attrib name="value" value="1"/></item>
<item name="DIA9" rev="2">
<attrib name="value" value="1"/></item>
<item name="DIB0" rev="2">
<attrib name="value" value="5"/></item>
<item name="DIB1" rev="2">
<attrib name="value" value="5"/></item>
<item name="DIB10" rev="2">
<attrib name="value" value="5"/></item>
<item name="DIB11" rev="2">
<attrib name="value" value="5"/></item>
<item name="DIB12" rev="2">
<attrib name="value" value="5"/></item>
<item name="DIB13" rev="2">
<attrib name="value" value="5"/></item>
<item name="DIB14" rev="2">
<attrib name="value" value="5"/></item>
<item name="DIB15" rev="2">
<attrib name="value" value="5"/></item>
<item name="DIB16" rev="2">
<attrib name="value" value="5"/></item>
<item name="DIB17" rev="2">
<attrib name="value" value="5"/></item>
<item name="DIB18" rev="2">
<attrib name="value" value="5"/></item>
<item name="DIB19" rev="2">
<attrib name="value" value="5"/></item>
<item name="DIB2" rev="2">
<attrib name="value" value="5"/></item>
<item name="DIB20" rev="2">
<attrib name="value" value="5"/></item>
<item name="DIB21" rev="2">
<attrib name="value" value="5"/></item>
<item name="DIB22" rev="2">
<attrib name="value" value="5"/></item>
<item name="DIB23" rev="2">
<attrib name="value" value="5"/></item>
<item name="DIB24" rev="2">
<attrib name="value" value="5"/></item>
<item name="DIB25" rev="2">
<attrib name="value" value="5"/></item>
<item name="DIB26" rev="2">
<attrib name="value" value="5"/></item>
<item name="DIB27" rev="2">
<attrib name="value" value="5"/></item>
<item name="DIB28" rev="2">
<attrib name="value" value="5"/></item>
<item name="DIB29" rev="2">
<attrib name="value" value="5"/></item>
<item name="DIB3" rev="2">
<attrib name="value" value="5"/></item>
<item name="DIB30" rev="2">
<attrib name="value" value="5"/></item>
<item name="DIB31" rev="2">
<attrib name="value" value="5"/></item>
<item name="DIB4" rev="2">
<attrib name="value" value="5"/></item>
<item name="DIB5" rev="2">
<attrib name="value" value="5"/></item>
<item name="DIB6" rev="2">
<attrib name="value" value="5"/></item>
<item name="DIB7" rev="2">
<attrib name="value" value="5"/></item>
<item name="DIB8" rev="2">
<attrib name="value" value="5"/></item>
<item name="DIB9" rev="2">
<attrib name="value" value="5"/></item>
<item name="DIPA0" rev="2">
<attrib name="value" value="1"/></item>
<item name="DIPA1" rev="2">
<attrib name="value" value="1"/></item>
<item name="DIPA2" rev="2">
<attrib name="value" value="1"/></item>
<item name="DIPA3" rev="2">
<attrib name="value" value="1"/></item>
<item name="DIPB0" rev="2">
<attrib name="value" value="5"/></item>
<item name="DIPB1" rev="2">
<attrib name="value" value="5"/></item>
<item name="DIPB2" rev="2">
<attrib name="value" value="5"/></item>
<item name="DIPB3" rev="2">
<attrib name="value" value="5"/></item>
<item name="DOA0" rev="2">
<attrib name="value" value="7"/></item>
<item name="DOA1" rev="2">
<attrib name="value" value="2"/></item>
<item name="DOA16" rev="2">
<attrib name="value" value="1"/></item>
<item name="DOA2" rev="2">
<attrib name="value" value="2"/></item>
<item name="DOA24" rev="2">
<attrib name="value" value="1"/></item>
<item name="DOA3" rev="2">
<attrib name="value" value="2"/></item>
<item name="DOA8" rev="2">
<attrib name="value" value="1"/></item>
<item name="DOB0" rev="2">
<attrib name="value" value="1"/></item>
<item name="DOB16" rev="2">
<attrib name="value" value="1"/></item>
<item name="DOB24" rev="2">
<attrib name="value" value="1"/></item>
<item name="DOB8" rev="2">
<attrib name="value" value="1"/></item>
<item name="ENA" rev="2">
<attrib name="value" value="7"/></item>
<item name="ENB" rev="2">
<attrib name="value" value="7"/></item>
<item name="SSRA" rev="2">
<attrib name="value" value="7"/></item>
<item name="SSRB" rev="2">
<attrib name="value" value="7"/></item>
<item name="WEA" rev="2">
<attrib name="value" value="7"/></item>
<item name="WEB" rev="2">
<attrib name="value" value="7"/></item>
</group>
<group name="SLICEM_GNDF">
<item name="0" rev="2">
<attrib name="value" value="7"/></item>
</group>
<group name="SLICEM_GNDG">
<item name="0" rev="2">
<attrib name="value" value="4"/></item>
</group>
<group name="BSCAN">
<item name="DRCK1" rev="2">
<attrib name="value" value="1"/></item>
<item name="SEL1" rev="2">
<attrib name="value" value="1"/></item>
<item name="SHIFT" rev="2">
<attrib name="value" value="1"/></item>
<item name="TDI" rev="2">
<attrib name="value" value="1"/></item>
<item name="TDO1" rev="2">
<attrib name="value" value="1"/></item>
<item name="TDO2" rev="2">
<attrib name="value" value="1"/></item>
<item name="UPDATE" rev="2">
<attrib name="value" value="1"/></item>
</group>
<group name="RAMB16_RAMB16A">
<item name="ADDRA" rev="2">
<attrib name="value" value="7"/></item>
<item name="ADDRA0" rev="2">
<attrib name="value" value="4"/></item>
<item name="ADDRA1" rev="2">
<attrib name="value" value="4"/></item>
<item name="ADDRA10" rev="2">
<attrib name="value" value="7"/></item>
<item name="ADDRA11" rev="2">
<attrib name="value" value="7"/></item>
<item name="ADDRA12" rev="2">
<attrib name="value" value="7"/></item>
<item name="ADDRA13" rev="2">
<attrib name="value" value="7"/></item>
<item name="ADDRA2" rev="2">
<attrib name="value" value="6"/></item>
<item name="ADDRA3" rev="2">
<attrib name="value" value="6"/></item>
<item name="ADDRA4" rev="2">
<attrib name="value" value="6"/></item>
<item name="ADDRA5" rev="2">
<attrib name="value" value="7"/></item>
<item name="ADDRA6" rev="2">
<attrib name="value" value="7"/></item>
<item name="ADDRA7" rev="2">
<attrib name="value" value="7"/></item>
<item name="ADDRA8" rev="2">
<attrib name="value" value="7"/></item>
<item name="ADDRA9" rev="2">
<attrib name="value" value="7"/></item>
<item name="CLKA" rev="2">
<attrib name="value" value="7"/></item>
<item name="DIA" rev="2">
<attrib name="value" value="7"/></item>
<item name="DIA0" rev="2">
<attrib name="value" value="7"/></item>
<item name="DIA1" rev="2">
<attrib name="value" value="3"/></item>
<item name="DIA10" rev="2">
<attrib name="value" value="1"/></item>
<item name="DIA11" rev="2">
<attrib name="value" value="1"/></item>
<item name="DIA12" rev="2">
<attrib name="value" value="1"/></item>
<item name="DIA13" rev="2">
<attrib name="value" value="1"/></item>
<item name="DIA14" rev="2">
<attrib name="value" value="1"/></item>
<item name="DIA15" rev="2">
<attrib name="value" value="1"/></item>
<item name="DIA16" rev="2">
<attrib name="value" value="1"/></item>
<item name="DIA17" rev="2">
<attrib name="value" value="1"/></item>
<item name="DIA18" rev="2">
<attrib name="value" value="1"/></item>
<item name="DIA19" rev="2">
<attrib name="value" value="1"/></item>
<item name="DIA2" rev="2">
<attrib name="value" value="3"/></item>
<item name="DIA20" rev="2">
<attrib name="value" value="1"/></item>
<item name="DIA21" rev="2">
<attrib name="value" value="1"/></item>
<item name="DIA22" rev="2">
<attrib name="value" value="1"/></item>
<item name="DIA23" rev="2">
<attrib name="value" value="1"/></item>
<item name="DIA24" rev="2">
<attrib name="value" value="1"/></item>
<item name="DIA25" rev="2">
<attrib name="value" value="1"/></item>
<item name="DIA26" rev="2">
<attrib name="value" value="1"/></item>
<item name="DIA27" rev="2">
<attrib name="value" value="1"/></item>
<item name="DIA28" rev="2">
<attrib name="value" value="1"/></item>
<item name="DIA29" rev="2">
<attrib name="value" value="1"/></item>
<item name="DIA3" rev="2">
<attrib name="value" value="3"/></item>
<item name="DIA30" rev="2">
<attrib name="value" value="1"/></item>
<item name="DIA31" rev="2">
<attrib name="value" value="1"/></item>
<item name="DIA4" rev="2">
<attrib name="value" value="1"/></item>
<item name="DIA5" rev="2">
<attrib name="value" value="1"/></item>
<item name="DIA6" rev="2">
<attrib name="value" value="1"/></item>
<item name="DIA7" rev="2">
<attrib name="value" value="1"/></item>
<item name="DIA8" rev="2">
<attrib name="value" value="1"/></item>
<item name="DIA9" rev="2">
<attrib name="value" value="1"/></item>
<item name="DIPA0" rev="2">
<attrib name="value" value="1"/></item>
<item name="DIPA1" rev="2">
<attrib name="value" value="1"/></item>
<item name="DIPA2" rev="2">
<attrib name="value" value="1"/></item>
<item name="DIPA3" rev="2">
<attrib name="value" value="1"/></item>
<item name="DOA" rev="2">
<attrib name="value" value="7"/></item>
<item name="DOA0" rev="2">
<attrib name="value" value="7"/></item>
<item name="DOA1" rev="2">
<attrib name="value" value="2"/></item>
<item name="DOA16" rev="2">
<attrib name="value" value="1"/></item>
<item name="DOA2" rev="2">
<attrib name="value" value="2"/></item>
<item name="DOA24" rev="2">
<attrib name="value" value="1"/></item>
<item name="DOA3" rev="2">
<attrib name="value" value="2"/></item>
<item name="DOA8" rev="2">
<attrib name="value" value="1"/></item>
<item name="ENA" rev="2">
<attrib name="value" value="7"/></item>
<item name="SSRA" rev="2">
<attrib name="value" value="7"/></item>
<item name="WEA" rev="2">
<attrib name="value" value="7"/></item>
</group>
<group name="RAMB16_RAMB16B">
<item name="ADDRB" rev="2">
<attrib name="value" value="7"/></item>
<item name="ADDRB10" rev="2">
<attrib name="value" value="7"/></item>
<item name="ADDRB11" rev="2">
<attrib name="value" value="7"/></item>
<item name="ADDRB12" rev="2">
<attrib name="value" value="7"/></item>
<item name="ADDRB13" rev="2">
<attrib name="value" value="7"/></item>
<item name="ADDRB2" rev="2">
<attrib name="value" value="2"/></item>
<item name="ADDRB3" rev="2">
<attrib name="value" value="2"/></item>
<item name="ADDRB4" rev="2">
<attrib name="value" value="2"/></item>
<item name="ADDRB5" rev="2">
<attrib name="value" value="7"/></item>
<item name="ADDRB6" rev="2">
<attrib name="value" value="7"/></item>
<item name="ADDRB7" rev="2">
<attrib name="value" value="7"/></item>
<item name="ADDRB8" rev="2">
<attrib name="value" value="7"/></item>
<item name="ADDRB9" rev="2">
<attrib name="value" value="7"/></item>
<item name="CLKB" rev="2">
<attrib name="value" value="7"/></item>
<item name="DIB" rev="2">
<attrib name="value" value="7"/></item>
<item name="DIB0" rev="2">
<attrib name="value" value="5"/></item>
<item name="DIB1" rev="2">
<attrib name="value" value="5"/></item>
<item name="DIB10" rev="2">
<attrib name="value" value="5"/></item>
<item name="DIB11" rev="2">
<attrib name="value" value="5"/></item>
<item name="DIB12" rev="2">
<attrib name="value" value="5"/></item>
<item name="DIB13" rev="2">
<attrib name="value" value="5"/></item>
<item name="DIB14" rev="2">
<attrib name="value" value="5"/></item>
<item name="DIB15" rev="2">
<attrib name="value" value="5"/></item>
<item name="DIB16" rev="2">
<attrib name="value" value="5"/></item>
<item name="DIB17" rev="2">
<attrib name="value" value="5"/></item>
<item name="DIB18" rev="2">
<attrib name="value" value="5"/></item>
<item name="DIB19" rev="2">
<attrib name="value" value="5"/></item>
<item name="DIB2" rev="2">
<attrib name="value" value="5"/></item>
<item name="DIB20" rev="2">
<attrib name="value" value="5"/></item>
<item name="DIB21" rev="2">
<attrib name="value" value="5"/></item>
<item name="DIB22" rev="2">
<attrib name="value" value="5"/></item>
<item name="DIB23" rev="2">
<attrib name="value" value="5"/></item>
<item name="DIB24" rev="2">
<attrib name="value" value="5"/></item>
<item name="DIB25" rev="2">
<attrib name="value" value="5"/></item>
<item name="DIB26" rev="2">
<attrib name="value" value="5"/></item>
<item name="DIB27" rev="2">
<attrib name="value" value="5"/></item>
<item name="DIB28" rev="2">
<attrib name="value" value="5"/></item>
<item name="DIB29" rev="2">
<attrib name="value" value="5"/></item>
<item name="DIB3" rev="2">
<attrib name="value" value="5"/></item>
<item name="DIB30" rev="2">
<attrib name="value" value="5"/></item>
<item name="DIB31" rev="2">
<attrib name="value" value="5"/></item>
<item name="DIB4" rev="2">
<attrib name="value" value="5"/></item>
<item name="DIB5" rev="2">
<attrib name="value" value="5"/></item>
<item name="DIB6" rev="2">
<attrib name="value" value="5"/></item>
<item name="DIB7" rev="2">
<attrib name="value" value="5"/></item>
<item name="DIB8" rev="2">
<attrib name="value" value="5"/></item>
<item name="DIB9" rev="2">
<attrib name="value" value="5"/></item>
<item name="DIPB0" rev="2">
<attrib name="value" value="5"/></item>
<item name="DIPB1" rev="2">
<attrib name="value" value="5"/></item>
<item name="DIPB2" rev="2">
<attrib name="value" value="5"/></item>
<item name="DIPB3" rev="2">
<attrib name="value" value="5"/></item>
<item name="DOB" rev="2">
<attrib name="value" value="7"/></item>
<item name="DOB0" rev="2">
<attrib name="value" value="1"/></item>
<item name="DOB16" rev="2">
<attrib name="value" value="1"/></item>
<item name="DOB24" rev="2">
<attrib name="value" value="1"/></item>
<item name="DOB8" rev="2">
<attrib name="value" value="1"/></item>
<item name="ENB" rev="2">
<attrib name="value" value="7"/></item>
<item name="SSRB" rev="2">
<attrib name="value" value="7"/></item>
<item name="WEB" rev="2">
<attrib name="value" value="7"/></item>
</group>
<group name="IBUF">
<item name="I" rev="2">
<attrib name="value" value="1"/></item>
<item name="PAD" rev="2">
<attrib name="value" value="1"/></item>
</group>
<group name="SLICEM_F5MUX">
<item name="F" rev="2">
<attrib name="value" value="17"/></item>
<item name="G" rev="2">
<attrib name="value" value="17"/></item>
<item name="OUT" rev="2">
<attrib name="value" value="17"/></item>
<item name="S0" rev="2">
<attrib name="value" value="17"/></item>
</group>
<group name="SLICEL_FFX">
<item name="CE" rev="2">
<attrib name="value" value="91"/></item>
<item name="CK" rev="2">
<attrib name="value" value="230"/></item>
<item name="D" rev="2">
<attrib name="value" value="230"/></item>
<item name="Q" rev="2">
<attrib name="value" value="230"/></item>
<item name="REV" rev="2">
<attrib name="value" value="4"/></item>
<item name="SR" rev="2">
<attrib name="value" value="85"/></item>
</group>
<group name="SLICEL_XORF">
<item name="0" rev="2">
<attrib name="value" value="46"/></item>
<item name="1" rev="2">
<attrib name="value" value="46"/></item>
<item name="O" rev="2">
<attrib name="value" value="46"/></item>
</group>
<group name="SLICEL_FFY">
<item name="CE" rev="2">
<attrib name="value" value="122"/></item>
<item name="CK" rev="2">
<attrib name="value" value="301"/></item>
<item name="D" rev="2">
<attrib name="value" value="301"/></item>
<item name="Q" rev="2">
<attrib name="value" value="301"/></item>
<item name="SR" rev="2">
<attrib name="value" value="121"/></item>
</group>
<group name="SLICEL_XORG">
<item name="0" rev="2">
<attrib name="value" value="44"/></item>
<item name="1" rev="2">
<attrib name="value" value="44"/></item>
<item name="O" rev="2">
<attrib name="value" value="44"/></item>
</group>
<group name="BUFGMUX_GCLKMUX">
<item name="I0" rev="2">
<attrib name="value" value="2"/></item>
<item name="OUT" rev="2">
<attrib name="value" value="2"/></item>
<item name="S" rev="2">
<attrib name="value" value="2"/></item>
</group>
<group name="SLICEL_F5MUX">
<item name="F" rev="2">
<attrib name="value" value="27"/></item>
<item name="G" rev="2">
<attrib name="value" value="27"/></item>
<item name="OUT" rev="2">
<attrib name="value" value="27"/></item>
<item name="S0" rev="2">
<attrib name="value" value="27"/></item>
</group>
<group name="BSCAN_BSCAN_BLACKBOX">
<item name="DRCK1" rev="2">
<attrib name="value" value="1"/></item>
<item name="SEL1" rev="2">
<attrib name="value" value="1"/></item>
<item name="SHIFT" rev="2">
<attrib name="value" value="1"/></item>
<item name="TDI" rev="2">
<attrib name="value" value="1"/></item>
<item name="TDO1" rev="2">
<attrib name="value" value="1"/></item>
<item name="TDO2" rev="2">
<attrib name="value" value="1"/></item>
<item name="UPDATE" rev="2">
<attrib name="value" value="1"/></item>
</group>
<group name="SLICEM_VDDG">
<item name="1" rev="2">
<attrib name="value" value="3"/></item>
</group>
<group name="SLICEM_GMC15_BLACKBOX">
<item name="MC15" rev="2">
<attrib name="value" value="27"/></item>
<item name="WS2" rev="2">
<attrib name="value" value="27"/></item>
</group>
<group name="SLICEM_XORF">
<item name="0" rev="2">
<attrib name="value" value="4"/></item>
<item name="1" rev="2">
<attrib name="value" value="4"/></item>
<item name="O" rev="2">
<attrib name="value" value="4"/></item>
</group>
<group name="SLICEM_WSGEN">
<item name="CK" rev="2">
<attrib name="value" value="80"/></item>
<item name="WE" rev="2">
<attrib name="value" value="80"/></item>
<item name="WSF" rev="2">
<attrib name="value" value="77"/></item>
<item name="WSG" rev="2">
<attrib name="value" value="80"/></item>
</group>
<group name="SLICEM_FFX">
<item name="CE" rev="2">
<attrib name="value" value="3"/></item>
<item name="CK" rev="2">
<attrib name="value" value="54"/></item>
<item name="D" rev="2">
<attrib name="value" value="54"/></item>
<item name="Q" rev="2">
<attrib name="value" value="54"/></item>
<item name="SR" rev="2">
<attrib name="value" value="4"/></item>
</group>
<group name="SLICEM_FFY">
<item name="CK" rev="2">
<attrib name="value" value="51"/></item>
<item name="D" rev="2">
<attrib name="value" value="51"/></item>
<item name="Q" rev="2">
<attrib name="value" value="51"/></item>
</group>
<group name="SLICEM_CYMUXF">
<item name="0" rev="2">
<attrib name="value" value="7"/></item>
<item name="1" rev="2">
<attrib name="value" value="7"/></item>
<item name="OUT" rev="2">
<attrib name="value" value="7"/></item>
<item name="S0" rev="2">
<attrib name="value" value="7"/></item>
</group>
<group name="SLICEM_CYMUXG">
<item name="0" rev="2">
<attrib name="value" value="4"/></item>
<item name="1" rev="2">
<attrib name="value" value="7"/></item>
<item name="OUT" rev="2">
<attrib name="value" value="7"/></item>
<item name="S0" rev="2">
<attrib name="value" value="7"/></item>
</group>
<group name="SLICEL_C1VDD">
<item name="1" rev="2">
<attrib name="value" value="1"/></item>
</group>
<group name="BUFGMUX">
<item name="I0" rev="2">
<attrib name="value" value="2"/></item>
<item name="O" rev="2">
<attrib name="value" value="2"/></item>
<item name="S" rev="2">
<attrib name="value" value="2"/></item>
</group>
<group name="SLICEM_YBUSED">
<item name="0" rev="2">
<attrib name="value" value="3"/></item>
<item name="OUT" rev="2">
<attrib name="value" value="3"/></item>
</group>
<group name="SLICEL_F">
<item name="A1" rev="2">
<attrib name="value" value="194"/></item>
<item name="A2" rev="2">
<attrib name="value" value="179"/></item>
<item name="A3" rev="2">
<attrib name="value" value="142"/></item>
<item name="A4" rev="2">
<attrib name="value" value="112"/></item>
<item name="D" rev="2">
<attrib name="value" value="212"/></item>
</group>
<group name="SLICEL_G">
<item name="A1" rev="2">
<attrib name="value" value="211"/></item>
<item name="A2" rev="2">
<attrib name="value" value="197"/></item>
<item name="A3" rev="2">
<attrib name="value" value="164"/></item>
<item name="A4" rev="2">
<attrib name="value" value="117"/></item>
<item name="D" rev="2">
<attrib name="value" value="226"/></item>
</group>
<group name="RAMB16_RAMB16">
<item name="ADDRA" rev="2">
<attrib name="value" value="7"/></item>
<item name="ADDRB" rev="2">
<attrib name="value" value="7"/></item>
<item name="DIA" rev="2">
<attrib name="value" value="7"/></item>
<item name="DIB" rev="2">
<attrib name="value" value="7"/></item>
<item name="DOA" rev="2">
<attrib name="value" value="7"/></item>
<item name="DOB" rev="2">
<attrib name="value" value="7"/></item>
</group>
<group name="SLICEL_GNDF">
<item name="0" rev="2">
<attrib name="value" value="33"/></item>
</group>
<group name="SLICEL_GNDG">
<item name="0" rev="2">
<attrib name="value" value="27"/></item>
</group>
</ReportPinData>
<CmdHistory>
</CmdHistory>
</DeviceUsageSummary>
